{"cameraMode":{"drawMode":0,"name":"Shaded","section":"Shading Mode"},"sceneLighting":false,"audioPlay":false,"sceneViewState":{"m_AlwaysRefresh":false,"showFog":true,"showSkybox":false,"showFlares":true,"showImageEffects":true,"showParticleSystems":true,"showVisualEffectGraphs":true,"m_FxEnabled":true},"in2DMode":false,"pivot":{"x":-0.02006232738494873,"y":5.984197616577148,"z":-0.0006257295608520508},"rotation":{"x":-0.40489646792411806,"y":-0.011512838304042817,"z":0.005099689122289419,"w":-0.91428142786026},"size":1.1176766157150269,"orthographic":false}